time,pid_tb.pos[31:0]
0,5000
28700000,4071
42500000,2267
56300000,408
70100000,-1444
83900000,-3173
97700000,-4717
111500000,-6065
125300000,-7220
139100000,-8194
152900000,-9004
166700000,-9670
180500000,-10211
194300000,-10550
208100000,-10891
221900000,-11155
235700000,-11360
249500000,-11516
263300000,-11627
277100000,-11701
290900000,-11743
304700000,-11759
318500000,-11754
332300000,-11731
346100000,-11694
359900000,-11646
373700000,-11589
387500000,-11525
401300000,-11456
415100000,-11383
428900000,-11308
442700000,-11231
456500000,-11153
470300000,-11075
484100000,-10998
497900000,-10922
511700000,-10847
525500000,-10774
539300000,-10702
553100000,-10632
566900000,-10564
580700000,-10499
594500000,-10436
608300000,-10375
622100000,-10316
635900000,-10259
649700000,-10204
663500000,-10152
677300000,-10102
691100000,-10054
704900000,-10008
718700000,-9964
732500000,-9921
746300000,-9880
760100000,-9841
773900000,-9804
787700000,-9768
801500000,-9734
815300000,-9701
829100000,-9670
842900000,-9640
856700000,-9611
870500000,-9584
884300000,-9558
898100000,-9533
911900000,-9509
925700000,-9486
939500000,-9464
953300000,-9443
967100000,-9423
980900000,-9404
994700000,-9386
1008500000,-9369
1022300000,-9352
1036100000,-9336
1049900000,-9321
1063700000,-9306
1077500000,-9292
1091300000,-9279
1105100000,-9266
1118900000,-9254
1132700000,-9243
1146500000,-9232
1160300000,-9222
1174100000,-9212
1187900000,-9202
1201700000,-9193
1215500000,-9184
1229300000,-9176
1243100000,-9168
1256900000,-9160
1270700000,-9153
1284500000,-9146
1298300000,-9139
1312100000,-9133
1325900000,-9127
1339700000,-9121
1353500000,-9116
1367300000,-9111
1381100000,-9106
1394900000,-9101
1408700000,-9096
1422500000,-9092
1436300000,-9088
1450100000,-9084
1463900000,-9080
1477700000,-9076
1491500000,-9073
1505300000,-9070
1519100000,-9067
1532900000,-9064
1546700000,-9061
1560500000,-9058
1574300000,-9055
1588100000,-9052
1601900000,-9050
1615700000,-9048
1629500000,-9046
1643300000,-9044
1657100000,-9042
1670900000,-9040
1684700000,-9038
1698500000,-9036
1712300000,-9034
1726100000,-9032
1739900000,-9031
1753700000,-9030
1767500000,-9029
1781300000,-9028
1795100000,-9027
1808900000,-9026
1822700000,-9025
1836500000,-9024
1850300000,-9023
1864100000,-9022
1877900000,-9021
1891700000,-9020
1905500000,-9019
1919300000,-9018
1933100000,-9017
1946900000,-9016
1960700000,-9015
1974500000,-9014
1988300000,-9013
2002100000,-9012
2015900000,-9011
2140100000,-9010
2153900000,-9009
2167700000,-9008
2181500000,-9007
2347100000,-9006
2360900000,-9005
2374700000,-9004
2388500000,-9003
2857700000,-9002
2871500000,-9001
2885300000,-9000
