time,pid_tb.setpoint[31:0]
0,5000
15500000,5000
15500000,7000
22700000,7000
22700000,9000
29900000,9000
29900000,11000
37100000,11000
37100000,13000
44300000,13000
44300000,15000
51500000,15000
51500000,17000
58700000,17000
58700000,19000
65900000,19000
65900000,21000
73100000,21000
73100000,23000
80300000,23000
80300000,25000
87500000,25000
87500000,27000
94700000,27000
94700000,29000
101900000,29000
101900000,31000
109100000,31000
109100000,33000
116300000,33000
116300000,35000
123500000,35000
123500000,37000
130700000,37000
130700000,39000
137900000,39000
137900000,41000
145100000,41000
145100000,43000
152300000,43000
152300000,45000
159500000,45000
159500000,47000
166700000,47000
166700000,49000
173900000,49000
173900000,51000
181100000,51000
181100000,53000
188300000,53000
188300000,55000
195500000,55000
195500000,57000
202700000,57000
202700000,59000
209900000,59000
209900000,61000
217100000,61000
217100000,63000
224300000,63000
224300000,65000
231500000,65000
231500000,67000
238700000,67000
238700000,69000
245900000,69000
245900000,71000
253100000,71000
253100000,73000
260300000,73000
260300000,75000
267500000,75000
267500000,77000
274700000,77000
274700000,79000
281900000,79000
281900000,81000
289100000,81000
289100000,83000
296300000,83000
296300000,85000
303500000,85000
303500000,87000
310700000,87000
310700000,89000
317900000,89000
317900000,91000
325100000,91000
325100000,93000
332300000,93000
332300000,95000
339500000,95000
339500000,97000
346700000,97000
346700000,99000
353900000,99000
353900000,101000
361100000,101000
361100000,103000
368300000,103000
368300000,105000
375500000,105000
375500000,107000
382700000,107000
382700000,109000
389900000,109000
389900000,111000
397100000,111000
397100000,113000
404300000,113000
404300000,115000
411500000,115000
411500000,117000
418700000,117000
418700000,119000
425900000,119000
425900000,121000
433100000,121000
433100000,123000
440300000,123000
440300000,125000
447500000,125000
447500000,127000
454700000,127000
454700000,129000
461900000,129000
461900000,131000
469100000,131000
469100000,133000
476300000,133000
476300000,135000
483500000,135000
483500000,137000
490700000,137000
490700000,139000
497900000,139000
497900000,141000
505100000,141000
505100000,143000
512300000,143000
512300000,145000
519500000,145000
519500000,147000
526700000,147000
526700000,149000
533900000,149000
533900000,151000
541100000,151000
541100000,153000
548300000,153000
548300000,155000
555500000,155000
555500000,157000
562700000,157000
562700000,159000
569900000,159000
569900000,161000
577100000,161000
577100000,163000
584300000,163000
584300000,165000
591500000,165000
591500000,167000
598700000,167000
598700000,169000
605900000,169000
605900000,171000
613100000,171000
613100000,173000
620300000,173000
620300000,175000
627500000,175000
627500000,177000
634700000,177000
634700000,179000
641900000,179000
641900000,181000
649100000,181000
649100000,183000
656300000,183000
656300000,185000
663500000,185000
663500000,187000
670700000,187000
670700000,189000
677900000,189000
677900000,191000
685100000,191000
685100000,193000
692300000,193000
692300000,195000
699500000,195000
699500000,197000
706700000,197000
706700000,199000
713900000,199000
713900000,201000
721100000,201000
721100000,203000
728300000,203000
728300000,205000
735500000,205000
735500000,207000
742700000,207000
742700000,209000
749900000,209000
749900000,211000
757100000,211000
757100000,213000
764300000,213000
764300000,215000
771500000,215000
771500000,217000
778700000,217000
778700000,219000
785900000,219000
785900000,221000
793100000,221000
793100000,223000
800300000,223000
800300000,225000
807500000,225000
807500000,227000
814700000,227000
814700000,229000
821900000,229000
821900000,231000
829100000,231000
829100000,233000
836300000,233000
836300000,235000
843500000,235000
843500000,237000
850700000,237000
850700000,239000
857900000,239000
857900000,241000
865100000,241000
865100000,243000
872300000,243000
872300000,245000
879500000,245000
879500000,247000
886700000,247000
886700000,249000
893900000,249000
893900000,251000
901100000,251000
901100000,253000
908300000,253000
908300000,255000
915500000,255000
915500000,257000
922700000,257000
922700000,259000
929900000,259000
929900000,261000
937100000,261000
937100000,263000
944300000,263000
944300000,265000
951500000,265000
951500000,267000
958700000,267000
958700000,269000
965900000,269000
965900000,271000
973100000,271000
973100000,273000
980300000,273000
980300000,275000
987500000,275000
987500000,277000
994700000,277000
994700000,279000
1001900000,279000
1001900000,281000
1009100000,281000
1009100000,283000
1016300000,283000
1016300000,285000
1023500000,285000
1023500000,287000
1030700000,287000
1030700000,289000
1037900000,289000
1037900000,291000
1045100000,291000
1045100000,293000
1052300000,293000
1052300000,295000
1059500000,295000
1059500000,297000
1066700000,297000
1066700000,299000
1073900000,299000
1073900000,301000
1081100000,301000
1081100000,303000
1088300000,303000
1088300000,305000
1095500000,305000
1095500000,307000
1102700000,307000
1102700000,309000
1109900000,309000
1109900000,311000
1117100000,311000
1117100000,313000
1124300000,313000
1124300000,315000
1131500000,315000
1131500000,317000
1138700000,317000
1138700000,319000
1145900000,319000
1145900000,321000
1153100000,321000
1153100000,323000
1160300000,323000
1160300000,325000
1167500000,325000
1167500000,327000
1174700000,327000
1174700000,329000
1181900000,329000
1181900000,331000
1189100000,331000
1189100000,333000
1196300000,333000
1196300000,335000
1203500000,335000
1203500000,337000
1210700000,337000
1210700000,339000
1217900000,339000
1217900000,341000
1225100000,341000
1225100000,343000
1232300000,343000
1232300000,345000
1239500000,345000
1239500000,347000
1246700000,347000
1246700000,349000
1253900000,349000
1253900000,351000
1261100000,351000
1261100000,353000
1268300000,353000
1268300000,355000
1275500000,355000
1275500000,357000
1282700000,357000
1282700000,359000
1289900000,359000
1289900000,361000
1297100000,361000
1297100000,363000
1304300000,363000
1304300000,365000
1311500000,365000
1311500000,367000
1318700000,367000
1318700000,369000
1325900000,369000
1325900000,371000
1333100000,371000
1333100000,373000
1340300000,373000
1340300000,375000
1347500000,375000
1347500000,377000
1354700000,377000
1354700000,379000
1361900000,379000
1361900000,381000
1369100000,381000
1369100000,383000
1376300000,383000
1376300000,385000
1383500000,385000
1383500000,387000
1390700000,387000
1390700000,389000
1397900000,389000
1397900000,391000
1405100000,391000
1405100000,393000
1412300000,393000
1412300000,395000
1419500000,395000
1419500000,397000
1426700000,397000
1426700000,399000
1433900000,399000
1433900000,401000
1441100000,401000
1441100000,403000
1448300000,403000
1448300000,405000
1455500000,405000
1455500000,407000
1462700000,407000
1462700000,409000
1469900000,409000
1469900000,411000
1477100000,411000
1477100000,413000
1484300000,413000
1484300000,415000
1491500000,415000
1491500000,417000
1498700000,417000
1498700000,419000
1505900000,419000
1505900000,421000
1513100000,421000
1513100000,423000
1520300000,423000
1520300000,425000
1527500000,425000
1527500000,427000
1534700000,427000
1534700000,429000
1541900000,429000
1541900000,431000
1549100000,431000
1549100000,433000
1556300000,433000
1556300000,435000
1563500000,435000
1563500000,437000
1570700000,437000
1570700000,439000
1577900000,439000
1577900000,441000
1585100000,441000
1585100000,443000
1592300000,443000
1592300000,445000
1599500000,445000
1599500000,447000
1606700000,447000
1606700000,449000
1613900000,449000
1613900000,451000
1621100000,451000
1621100000,453000
1628300000,453000
1628300000,455000
1635500000,455000
1635500000,457000
1642700000,457000
1642700000,459000
1649900000,459000
1649900000,461000
1657100000,461000
1657100000,463000
1664300000,463000
1664300000,465000
1671500000,465000
1671500000,467000
1678700000,467000
1678700000,469000
1685900000,469000
1685900000,471000
1693100000,471000
1693100000,473000
1700300000,473000
1700300000,475000
1707500000,475000
1707500000,477000
1714700000,477000
1714700000,479000
1721900000,479000
1721900000,481000
1729100000,481000
1729100000,483000
1736300000,483000
1736300000,485000
1743500000,485000
1743500000,487000
1750700000,487000
1750700000,489000
1757900000,489000
1757900000,491000
1765100000,491000
1765100000,493000
1772300000,493000
1772300000,495000
1779500000,495000
1779500000,497000
1786700000,497000
1786700000,499000
1793900000,499000
1793900000,501000
1801100000,501000
1801100000,503000
1808300000,503000
1808300000,505000
1815500000,505000
1815500000,507000
1822700000,507000
1822700000,509000
1829900000,509000
1829900000,511000
1837100000,511000
1837100000,513000
1844300000,513000
1844300000,515000
1851500000,515000
1851500000,517000
1858700000,517000
1858700000,519000
1865900000,519000
1865900000,521000
1873100000,521000
1873100000,523000
1880300000,523000
1880300000,525000
1887500000,525000
1887500000,527000
1894700000,527000
1894700000,529000
1901900000,529000
1901900000,531000
1909100000,531000
1909100000,533000
1916300000,533000
1916300000,535000
1923500000,535000
1923500000,537000
1930700000,537000
1930700000,539000
1937900000,539000
1937900000,541000
1945100000,541000
1945100000,543000
1952300000,543000
1952300000,545000
1959500000,545000
1959500000,547000
1966700000,547000
1966700000,549000
1973900000,549000
1973900000,551000
1981100000,551000
1981100000,553000
1988300000,553000
1988300000,555000
1995500000,555000
1995500000,557000
2002700000,557000
2002700000,559000
2009900000,559000
2009900000,561000
2017100000,561000
2017100000,563000
2024300000,563000
2024300000,565000
2031500000,565000
2031500000,567000
2038700000,567000
2038700000,569000
2045900000,569000
2045900000,571000
2053100000,571000
2053100000,573000
2060300000,573000
2060300000,575000
2067500000,575000
2067500000,577000
2074700000,577000
2074700000,579000
2081900000,579000
2081900000,581000
2089100000,581000
2089100000,583000
2096300000,583000
2096300000,585000
2103500000,585000
2103500000,587000
2110700000,587000
2110700000,589000
2117900000,589000
2117900000,591000
2125100000,591000
2125100000,593000
2132300000,593000
2132300000,595000
2139500000,595000
2139500000,597000
2146700000,597000
2146700000,599000
2153900000,599000
2153900000,601000
2161100000,601000
2161100000,603000
2168300000,603000
2168300000,605000
2175500000,605000
2175500000,607000
2182700000,607000
2182700000,609000
2189900000,609000
2189900000,611000
2197100000,611000
2197100000,613000
2204300000,613000
2204300000,615000
2211500000,615000
2211500000,617000
2218700000,617000
2218700000,619000
2225900000,619000
2225900000,621000
2233100000,621000
2233100000,623000
2240300000,623000
2240300000,625000
2247500000,625000
2247500000,627000
2254700000,627000
2254700000,629000
2261900000,629000
2261900000,631000
2269100000,631000
2269100000,633000
2276300000,633000
2276300000,635000
2283500000,635000
2283500000,637000
2290700000,637000
2290700000,639000
2297900000,639000
2297900000,641000
2305100000,641000
2305100000,643000
2312300000,643000
2312300000,645000
2319500000,645000
2319500000,647000
2326700000,647000
2326700000,649000
2333900000,649000
2333900000,651000
2341100000,651000
2341100000,653000
2348300000,653000
2348300000,655000
2355500000,655000
2355500000,657000
2362700000,657000
2362700000,659000
2369900000,659000
2369900000,661000
2377100000,661000
2377100000,663000
2384300000,663000
2384300000,665000
2391500000,665000
2391500000,667000
2398700000,667000
2398700000,669000
2405900000,669000
2405900000,671000
2413100000,671000
2413100000,673000
2420300000,673000
2420300000,675000
2427500000,675000
2427500000,677000
2434700000,677000
2434700000,679000
2441900000,679000
2441900000,681000
2449100000,681000
2449100000,683000
2456300000,683000
2456300000,685000
2463500000,685000
2463500000,687000
2470700000,687000
2470700000,689000
2477900000,689000
2477900000,691000
2485100000,691000
2485100000,693000
2492300000,693000
2492300000,695000
2499500000,695000
2499500000,697000
2506700000,697000
2506700000,699000
2513900000,699000
2513900000,701000
2521100000,701000
2521100000,703000
2528300000,703000
2528300000,705000
2535500000,705000
2535500000,707000
2542700000,707000
2542700000,709000
2549900000,709000
2549900000,711000
2557100000,711000
2557100000,713000
2564300000,713000
2564300000,715000
2571500000,715000
2571500000,717000
2578700000,717000
2578700000,719000
2585900000,719000
2585900000,721000
2593100000,721000
2593100000,723000
2600300000,723000
2600300000,725000
2607500000,725000
2607500000,727000
2614700000,727000
2614700000,729000
2621900000,729000
2621900000,731000
2629100000,731000
2629100000,733000
2636300000,733000
2636300000,735000
2643500000,735000
2643500000,737000
2650700000,737000
2650700000,739000
2657900000,739000
2657900000,741000
2665100000,741000
2665100000,743000
2672300000,743000
2672300000,745000
2679500000,745000
2679500000,747000
2686700000,747000
2686700000,749000
2693900000,749000
2693900000,751000
2701100000,751000
2701100000,753000
2708300000,753000
2708300000,755000
2715500000,755000
2715500000,757000
2722700000,757000
2722700000,759000
2729900000,759000
2729900000,761000
2737100000,761000
2737100000,763000
2744300000,763000
2744300000,765000
2751500000,765000
2751500000,767000
2758700000,767000
2758700000,769000
2765900000,769000
2765900000,771000
2773100000,771000
2773100000,773000
2780300000,773000
2780300000,775000
2787500000,775000
2787500000,777000
2794700000,777000
2794700000,779000
2801900000,779000
2801900000,781000
2809100000,781000
2809100000,783000
2816300000,783000
2816300000,785000
2823500000,785000
2823500000,787000
2830700000,787000
2830700000,789000
2837900000,789000
2837900000,791000
2845100000,791000
2845100000,793000
2852300000,793000
2852300000,795000
2859500000,795000
2859500000,797000
2866700000,797000
2866700000,799000
2873900000,799000
2873900000,801000
2881100000,801000
2881100000,803000
2888300000,803000
2888300000,805000
2895500000,805000
2895500000,807000
2902700000,807000
2902700000,809000
2909900000,809000
2909900000,811000
2917100000,811000
2917100000,813000
2924300000,813000
2924300000,815000
2931500000,815000
2931500000,817000
2938700000,817000
2938700000,819000
2945900000,819000
2945900000,821000
2953100000,821000
2953100000,823000
2960300000,823000
2960300000,825000
2967500000,825000
2967500000,827000
2974700000,827000
2974700000,829000
2981900000,829000
2981900000,831000
2989100000,831000
2989100000,833000
2996300000,833000
2996300000,835000
3003500000,835000
3003500000,837000
3010700000,837000
3010700000,839000
3017900000,839000
3017900000,841000
3025100000,841000
3025100000,843000
3032300000,843000
3032300000,845000
3039500000,845000
3039500000,847000
3046700000,847000
3046700000,849000
3053900000,849000
3053900000,851000
3061100000,851000
3061100000,853000
3068300000,853000
3068300000,855000
3075500000,855000
3075500000,857000
3082700000,857000
3082700000,859000
3089900000,859000
3089900000,861000
3097100000,861000
3097100000,863000
3104300000,863000
3104300000,865000
3111500000,865000
3111500000,867000
3118700000,867000
3118700000,869000
3125900000,869000
3125900000,871000
3133100000,871000
3133100000,873000
3140300000,873000
3140300000,875000
3147500000,875000
3147500000,877000
3154700000,877000
3154700000,879000
3161900000,879000
3161900000,881000
3169100000,881000
3169100000,883000
3176300000,883000
3176300000,885000
3183500000,885000
3183500000,887000
3190700000,887000
3190700000,889000
3197900000,889000
3197900000,891000
3205100000,891000
3205100000,893000
3212300000,893000
3212300000,895000
3219500000,895000
3219500000,897000
3226700000,897000
3226700000,899000
3233900000,899000
3233900000,901000
3241100000,901000
3241100000,903000
3248300000,903000
3248300000,905000
3255500000,905000
3255500000,907000
3262700000,907000
3262700000,909000
3269900000,909000
3269900000,911000
3277100000,911000
3277100000,913000
3284300000,913000
3284300000,915000
3291500000,915000
3291500000,917000
3298700000,917000
3298700000,919000
3305900000,919000
3305900000,921000
3313100000,921000
3313100000,923000
3320300000,923000
3320300000,925000
3327500000,925000
3327500000,927000
3334700000,927000
3334700000,929000
3341900000,929000
3341900000,931000
3349100000,931000
3349100000,933000
3356300000,933000
3356300000,935000
3363500000,935000
3363500000,937000
3370700000,937000
3370700000,939000
3377900000,939000
3377900000,941000
3385100000,941000
3385100000,943000
3392300000,943000
3392300000,945000
3399500000,945000
3399500000,947000
3406700000,947000
3406700000,949000
3413900000,949000
3413900000,951000
3421100000,951000
3421100000,953000
3428300000,953000
3428300000,955000
3435500000,955000
3435500000,957000
3442700000,957000
3442700000,959000
3449900000,959000
3449900000,961000
3457100000,961000
3457100000,963000
3464300000,963000
3464300000,965000
3471500000,965000
3471500000,967000
3478700000,967000
3478700000,969000
3485900000,969000
3485900000,971000
3493100000,971000
3493100000,973000
3500300000,973000
3500300000,975000
3507500000,975000
3507500000,977000
3514700000,977000
3514700000,979000
3521900000,979000
3521900000,981000
3529100000,981000
3529100000,983000
3536300000,983000
3536300000,985000
3543500000,985000
3543500000,987000
3550700000,987000
3550700000,989000
3557900000,989000
3557900000,991000
3565100000,991000
3565100000,993000
3572300000,993000
3572300000,995000
3579500000,995000
3579500000,997000
3586700000,997000
3586700000,999000
3593900000,999000
3593900000,1001000
3601100000,1001000
3601100000,1003000
3608300000,1003000
3608300000,1005000
3615500000,1005000
3615500000,1007000
3622700000,1007000
3622700000,1009000
3629900000,1009000
3629900000,1011000
3637100000,1011000
3637100000,1013000
3644300000,1013000
3644300000,1015000
3651500000,1015000
3651500000,1017000
3658700000,1017000
3658700000,1019000
3665900000,1019000
3665900000,1021000
3673100000,1021000
3673100000,1023000
3680300000,1023000
3680300000,1025000
3687500000,1025000
3687500000,1027000
3694700000,1027000
3694700000,1029000
3701900000,1029000
3701900000,1031000
3709100000,1031000
3709100000,1033000
3716300000,1033000
3716300000,1035000
3723500000,1035000
3723500000,1037000
3730700000,1037000
3730700000,1039000
3737900000,1039000
3737900000,1041000
3745100000,1041000
3745100000,1043000
3752300000,1043000
3752300000,1045000
3759500000,1045000
3759500000,1047000
3766700000,1047000
3766700000,1049000
3773900000,1049000
3773900000,1051000
3781100000,1051000
3781100000,1053000
3788300000,1053000
3788300000,1055000
3795500000,1055000
3795500000,1057000
3802700000,1057000
3802700000,1059000
3809900000,1059000
3809900000,1061000
3817100000,1061000
3817100000,1063000
3824300000,1063000
3824300000,1065000
3831500000,1065000
3831500000,1067000
3838700000,1067000
3838700000,1069000
3845900000,1069000
3845900000,1071000
3853100000,1071000
3853100000,1073000
3860300000,1073000
3860300000,1075000
3867500000,1075000
3867500000,1077000
3874700000,1077000
3874700000,1079000
3881900000,1079000
3881900000,1081000
3889100000,1081000
3889100000,1083000
3896300000,1083000
3896300000,1085000
3903500000,1085000
3903500000,1087000
3910700000,1087000
3910700000,1089000
3917900000,1089000
3917900000,1091000
3925100000,1091000
3925100000,1093000
3932300000,1093000
3932300000,1095000
3939500000,1095000
3939500000,1097000
3946700000,1097000
3946700000,1099000
3953900000,1099000
3953900000,1101000
3961100000,1101000
3961100000,1103000
3968300000,1103000
3968300000,1105000
3975500000,1105000
3975500000,1107000
3982700000,1107000
3982700000,1109000
3989900000,1109000
3989900000,1111000
3997100000,1111000
3997100000,1113000
4004300000,1113000
4004300000,1115000
4011500000,1115000
4011500000,1117000
4018700000,1117000
4018700000,1119000
4025900000,1119000
4025900000,1121000
4033100000,1121000
4033100000,1123000
4040300000,1123000
4040300000,1125000
4047500000,1125000
4047500000,1127000
4054700000,1127000
4054700000,1129000
4061900000,1129000
4061900000,1131000
4069100000,1131000
4069100000,1133000
4076300000,1133000
4076300000,1135000
4083500000,1135000
4083500000,1137000
4090700000,1137000
4090700000,1139000
4097900000,1139000
4097900000,1141000
4105100000,1141000
4105100000,1143000
4112300000,1143000
4112300000,1145000
4119500000,1145000
4119500000,1147000
4126700000,1147000
4126700000,1149000
4133900000,1149000
4133900000,1151000
4141100000,1151000
4141100000,1153000
4148300000,1153000
4148300000,1155000
4155500000,1155000
4155500000,1157000
4162700000,1157000
4162700000,1159000
4169900000,1159000
4169900000,1161000
4177100000,1161000
4177100000,1163000
4184300000,1163000
4184300000,1165000
4191500000,1165000
4191500000,1167000
4198700000,1167000
4198700000,1169000
4205900000,1169000
4205900000,1171000
4213100000,1171000
4213100000,1173000
4220300000,1173000
4220300000,1175000
4227500000,1175000
4227500000,1177000
4234700000,1177000
4234700000,1179000
4241900000,1179000
4241900000,1181000
4249100000,1181000
4249100000,1183000
4256300000,1183000
4256300000,1185000
4263500000,1185000
4263500000,1187000
4270700000,1187000
4270700000,1189000
4277900000,1189000
4277900000,1191000
4285100000,1191000
4285100000,1193000
4292300000,1193000
4292300000,1195000
4299500000,1195000
4299500000,1197000
4306700000,1197000
4306700000,1199000
4313900000,1199000
4313900000,1201000
4321100000,1201000
4321100000,1203000
4328300000,1203000
4328300000,1205000
4335500000,1205000
4335500000,1207000
4342700000,1207000
4342700000,1209000
4349900000,1209000
4349900000,1211000
4357100000,1211000
4357100000,1213000
4364300000,1213000
4364300000,1215000
4371500000,1215000
4371500000,1217000
4378700000,1217000
4378700000,1219000
4385900000,1219000
4385900000,1221000
4393100000,1221000
4393100000,1223000
4400300000,1223000
4400300000,1225000
4407500000,1225000
4407500000,1227000
4414700000,1227000
4414700000,1229000
4421900000,1229000
4421900000,1231000
4429100000,1231000
4429100000,1233000
4436300000,1233000
4436300000,1235000
4443500000,1235000
4443500000,1237000
4450700000,1237000
4450700000,1239000
4457900000,1239000
4457900000,1241000
4465100000,1241000
4465100000,1243000
4472300000,1243000
4472300000,1245000
4479500000,1245000
4479500000,1247000
4486700000,1247000
4486700000,1249000
4493900000,1249000
4493900000,1251000
4501100000,1251000
4501100000,1253000
4508300000,1253000
4508300000,1255000
4515500000,1255000
4515500000,1257000
4522700000,1257000
4522700000,1259000
4529900000,1259000
4529900000,1261000
4537100000,1261000
4537100000,1263000
4544300000,1263000
4544300000,1265000
4551500000,1265000
4551500000,1267000
4558700000,1267000
4558700000,1269000
4565900000,1269000
4565900000,1271000
4573100000,1271000
4573100000,1273000
4580300000,1273000
4580300000,1275000
4587500000,1275000
4587500000,1277000
4594700000,1277000
4594700000,1279000
4601900000,1279000
4601900000,1281000
4609100000,1281000
4609100000,1283000
4616300000,1283000
4616300000,1285000
4623500000,1285000
4623500000,1287000
4630700000,1287000
4630700000,1289000
4637900000,1289000
4637900000,1291000
4645100000,1291000
4645100000,1293000
4652300000,1293000
4652300000,1295000
4659500000,1295000
4659500000,1297000
4666700000,1297000
4666700000,1299000
4673900000,1299000
4673900000,1301000
4681100000,1301000
4681100000,1303000
4688300000,1303000
4688300000,1305000
4695500000,1305000
4695500000,1307000
4702700000,1307000
4702700000,1309000
4709900000,1309000
4709900000,1311000
4717100000,1311000
4717100000,1313000
4724300000,1313000
4724300000,1315000
4731500000,1315000
4731500000,1317000
4738700000,1317000
4738700000,1319000
4745900000,1319000
4745900000,1321000
4753100000,1321000
4753100000,1323000
4760300000,1323000
4760300000,1325000
4767500000,1325000
4767500000,1327000
4774700000,1327000
4774700000,1329000
4781900000,1329000
4781900000,1331000
4789100000,1331000
4789100000,1333000
4796300000,1333000
4796300000,1335000
4803500000,1335000
4803500000,1337000
4810700000,1337000
4810700000,1339000
4817900000,1339000
4817900000,1341000
4825100000,1341000
4825100000,1343000
4832300000,1343000
4832300000,1345000
4839500000,1345000
4839500000,1347000
4846700000,1347000
4846700000,1349000
4853900000,1349000
4853900000,1351000
4861100000,1351000
4861100000,1353000
4868300000,1353000
4868300000,1355000
4875500000,1355000
4875500000,1357000
4882700000,1357000
4882700000,1359000
4889900000,1359000
4889900000,1361000
4897100000,1361000
4897100000,1363000
4904300000,1363000
4904300000,1365000
4911500000,1365000
4911500000,1367000
4918700000,1367000
4918700000,1369000
4925900000,1369000
4925900000,1371000
4933100000,1371000
4933100000,1373000
4940300000,1373000
4940300000,1375000
4947500000,1375000
4947500000,1377000
4954700000,1377000
4954700000,1379000
4961900000,1379000
4961900000,1381000
4969100000,1381000
4969100000,1383000
4976300000,1383000
4976300000,1385000
4983500000,1385000
4983500000,1387000
4990700000,1387000
4990700000,1389000
4997900000,1389000
4997900000,1391000
5005100000,1391000
5005100000,1393000
5012300000,1393000
5012300000,1395000
5019500000,1395000
5019500000,1397000
5026700000,1397000
5026700000,1399000
5033900000,1399000
5033900000,1401000
5041100000,1401000
5041100000,1403000
5048300000,1403000
5048300000,1405000
5055500000,1405000
5055500000,1407000
5062700000,1407000
5062700000,1409000
5069900000,1409000
5069900000,1411000
5077100000,1411000
5077100000,1413000
5084300000,1413000
5084300000,1415000
5091500000,1415000
5091500000,1417000
5098700000,1417000
5098700000,1419000
5105900000,1419000
5105900000,1421000
5113100000,1421000
5113100000,1423000
5120300000,1423000
5120300000,1425000
5127500000,1425000
5127500000,1427000
5134700000,1427000
5134700000,1429000
5141900000,1429000
5141900000,1431000
5149100000,1431000
5149100000,1433000
5156300000,1433000
5156300000,1435000
5163500000,1435000
5163500000,1437000
5170700000,1437000
5170700000,1439000
5177900000,1439000
5177900000,1441000
5185100000,1441000
5185100000,1443000
5192300000,1443000
5192300000,1445000
5199500000,1445000
5199500000,1447000
5206700000,1447000
5206700000,1449000
5213900000,1449000
5213900000,1451000
5221100000,1451000
5221100000,1453000
5228300000,1453000
5228300000,1455000
5235500000,1455000
5235500000,1457000
5242700000,1457000
5242700000,1459000
5249900000,1459000
5249900000,1461000
5257100000,1461000
5257100000,1463000
5264300000,1463000
5264300000,1465000
5271500000,1465000
5271500000,1467000
5278700000,1467000
5278700000,1469000
5285900000,1469000
5285900000,1471000
5293100000,1471000
5293100000,1473000
5300300000,1473000
5300300000,1475000
5307500000,1475000
5307500000,1477000
5314700000,1477000
5314700000,1479000
5321900000,1479000
5321900000,1481000
5329100000,1481000
5329100000,1483000
5336300000,1483000
5336300000,1485000
5343500000,1485000
5343500000,1487000
5350700000,1487000
5350700000,1489000
5357900000,1489000
5357900000,1491000
5365100000,1491000
5365100000,1493000
5372300000,1493000
5372300000,1495000
5379500000,1495000
5379500000,1497000
5386700000,1497000
5386700000,1499000
5393900000,1499000
5393900000,1501000
5401100000,1501000
5401100000,1503000
5408300000,1503000
5408300000,1505000
5415500000,1505000
5415500000,1507000
5422700000,1507000
5422700000,1509000
5429900000,1509000
5429900000,1511000
5437100000,1511000
5437100000,1513000
5444300000,1513000
5444300000,1515000
5451500000,1515000
5451500000,1517000
5458700000,1517000
5458700000,1519000
5465900000,1519000
5465900000,1521000
5473100000,1521000
5473100000,1523000
5480300000,1523000
5480300000,1525000
5487500000,1525000
5487500000,1527000
5494700000,1527000
5494700000,1529000
5501900000,1529000
5501900000,1531000
5509100000,1531000
5509100000,1533000
5516300000,1533000
5516300000,1535000
5523500000,1535000
5523500000,1537000
5530700000,1537000
5530700000,1539000
5537900000,1539000
5537900000,1541000
5545100000,1541000
5545100000,1543000
5552300000,1543000
5552300000,1545000
5559500000,1545000
5559500000,1547000
5566700000,1547000
5566700000,1549000
5573900000,1549000
5573900000,1551000
5581100000,1551000
5581100000,1553000
5588300000,1553000
5588300000,1555000
5595500000,1555000
5595500000,1557000
5602700000,1557000
5602700000,1559000
5609900000,1559000
5609900000,1561000
5617100000,1561000
5617100000,1563000
5624300000,1563000
5624300000,1565000
5631500000,1565000
5631500000,1567000
5638700000,1567000
5638700000,1569000
5645900000,1569000
5645900000,1571000
5653100000,1571000
5653100000,1573000
5660300000,1573000
5660300000,1575000
5667500000,1575000
5667500000,1577000
5674700000,1577000
5674700000,1579000
5681900000,1579000
5681900000,1581000
5689100000,1581000
5689100000,1583000
5696300000,1583000
5696300000,1585000
5703500000,1585000
5703500000,1587000
5710700000,1587000
5710700000,1589000
5717900000,1589000
5717900000,1591000
5725100000,1591000
5725100000,1593000
5732300000,1593000
5732300000,1595000
5739500000,1595000
5739500000,1597000
5746700000,1597000
5746700000,1599000
5753900000,1599000
5753900000,1601000
5761100000,1601000
5761100000,1603000
5768300000,1603000
5768300000,1605000
5775500000,1605000
5775500000,1607000
5782700000,1607000
5782700000,1609000
5789900000,1609000
5789900000,1611000
5797100000,1611000
5797100000,1613000
5804300000,1613000
5804300000,1615000
5811500000,1615000
5811500000,1617000
5818700000,1617000
5818700000,1619000
5825900000,1619000
5825900000,1621000
5833100000,1621000
5833100000,1623000
5840300000,1623000
5840300000,1625000
5847500000,1625000
5847500000,1627000
5854700000,1627000
5854700000,1629000
5861900000,1629000
5861900000,1631000
5869100000,1631000
5869100000,1633000
5876300000,1633000
5876300000,1635000
5883500000,1635000
5883500000,1637000
5890700000,1637000
5890700000,1639000
5897900000,1639000
5897900000,1641000
5905100000,1641000
5905100000,1643000
5912300000,1643000
5912300000,1645000
5919500000,1645000
5919500000,1647000
5926700000,1647000
5926700000,1649000
5933900000,1649000
5933900000,1651000
5941100000,1651000
5941100000,1653000
5948300000,1653000
5948300000,1655000
5955500000,1655000
5955500000,1657000
5962700000,1657000
5962700000,1659000
5969900000,1659000
5969900000,1661000
5977100000,1661000
5977100000,1663000
5984300000,1663000
5984300000,1665000
5991500000,1665000
5991500000,1667000
5998700000,1667000
5998700000,1669000
6005900000,1669000
6005900000,1671000
6013100000,1671000
6013100000,1673000
6020300000,1673000
6020300000,1675000
6027500000,1675000
6027500000,1677000
6034700000,1677000
6034700000,1679000
6041900000,1679000
6041900000,1681000
6049100000,1681000
6049100000,1683000
6056300000,1683000
6056300000,1685000
6063500000,1685000
6063500000,1687000
6070700000,1687000
6070700000,1689000
6077900000,1689000
6077900000,1691000
6085100000,1691000
6085100000,1693000
6092300000,1693000
6092300000,1695000
6099500000,1695000
6099500000,1697000
6106700000,1697000
6106700000,1699000
6113900000,1699000
6113900000,1701000
6121100000,1701000
6121100000,1703000
6128300000,1703000
6128300000,1705000
6135500000,1705000
6135500000,1707000
6142700000,1707000
6142700000,1709000
6149900000,1709000
6149900000,1711000
6157100000,1711000
6157100000,1713000
6164300000,1713000
6164300000,1715000
6171500000,1715000
6171500000,1717000
6178700000,1717000
6178700000,1719000
6185900000,1719000
6185900000,1721000
6193100000,1721000
6193100000,1723000
6200300000,1723000
6200300000,1725000
6207500000,1725000
6207500000,1727000
6214700000,1727000
6214700000,1729000
6221900000,1729000
6221900000,1731000
6229100000,1731000
6229100000,1733000
6236300000,1733000
6236300000,1735000
6243500000,1735000
6243500000,1737000
6250700000,1737000
6250700000,1739000
6257900000,1739000
6257900000,1741000
6265100000,1741000
6265100000,1743000
6272300000,1743000
6272300000,1745000
6279500000,1745000
6279500000,1747000
6286700000,1747000
6286700000,1749000
6293900000,1749000
6293900000,1751000
6301100000,1751000
6301100000,1753000
6308300000,1753000
6308300000,1755000
6315500000,1755000
6315500000,1757000
6322700000,1757000
6322700000,1759000
6329900000,1759000
6329900000,1761000
6337100000,1761000
6337100000,1763000
6344300000,1763000
6344300000,1765000
6351500000,1765000
6351500000,1767000
6358700000,1767000
6358700000,1769000
6365900000,1769000
6365900000,1771000
6373100000,1771000
6373100000,1773000
6380300000,1773000
6380300000,1775000
6387500000,1775000
6387500000,1777000
6394700000,1777000
6394700000,1779000
6401900000,1779000
6401900000,1781000
6409100000,1781000
6409100000,1783000
6416300000,1783000
6416300000,1785000
6423500000,1785000
6423500000,1787000
6430700000,1787000
6430700000,1789000
6437900000,1789000
6437900000,1791000
6445100000,1791000
6445100000,1793000
6452300000,1793000
6452300000,1795000
6459500000,1795000
6459500000,1797000
6466700000,1797000
6466700000,1799000
6473900000,1799000
6473900000,1801000
6481100000,1801000
6481100000,1803000
6488300000,1803000
6488300000,1805000
6495500000,1805000
6495500000,1807000
6502700000,1807000
6502700000,1809000
6509900000,1809000
6509900000,1811000
6517100000,1811000
6517100000,1813000
6524300000,1813000
6524300000,1815000
6531500000,1815000
6531500000,1817000
6538700000,1817000
6538700000,1819000
6545900000,1819000
6545900000,1821000
6553100000,1821000
6553100000,1823000
6560300000,1823000
6560300000,1825000
6567500000,1825000
6567500000,1827000
6574700000,1827000
6574700000,1829000
6581900000,1829000
6581900000,1831000
6589100000,1831000
6589100000,1833000
6596300000,1833000
6596300000,1835000
6603500000,1835000
6603500000,1837000
6610700000,1837000
6610700000,1839000
6617900000,1839000
6617900000,1841000
6625100000,1841000
6625100000,1843000
6632300000,1843000
6632300000,1845000
6639500000,1845000
6639500000,1847000
6646700000,1847000
6646700000,1849000
6653900000,1849000
6653900000,1851000
6661100000,1851000
6661100000,1853000
6668300000,1853000
6668300000,1855000
6675500000,1855000
6675500000,1857000
6682700000,1857000
6682700000,1859000
6689900000,1859000
6689900000,1861000
6697100000,1861000
6697100000,1863000
6704300000,1863000
6704300000,1865000
6711500000,1865000
6711500000,1867000
6718700000,1867000
6718700000,1869000
6725900000,1869000
6725900000,1871000
6733100000,1871000
6733100000,1873000
6740300000,1873000
6740300000,1875000
6747500000,1875000
6747500000,1877000
6754700000,1877000
6754700000,1879000
6761900000,1879000
6761900000,1881000
6769100000,1881000
6769100000,1883000
6776300000,1883000
6776300000,1885000
6783500000,1885000
6783500000,1887000
6790700000,1887000
6790700000,1889000
6797900000,1889000
6797900000,1891000
6805100000,1891000
6805100000,1893000
6812300000,1893000
6812300000,1895000
6819500000,1895000
6819500000,1897000
6826700000,1897000
6826700000,1899000
6833900000,1899000
6833900000,1901000
6841100000,1901000
6841100000,1903000
6848300000,1903000
6848300000,1905000
6855500000,1905000
6855500000,1907000
6862700000,1907000
6862700000,1909000
6869900000,1909000
6869900000,1911000
6877100000,1911000
6877100000,1913000
6884300000,1913000
6884300000,1915000
6891500000,1915000
6891500000,1917000
6898700000,1917000
6898700000,1919000
6905900000,1919000
6905900000,1921000
6913100000,1921000
6913100000,1923000
6920300000,1923000
6920300000,1925000
6927500000,1925000
6927500000,1927000
6934700000,1927000
6934700000,1929000
6941900000,1929000
6941900000,1931000
6949100000,1931000
6949100000,1933000
6956300000,1933000
6956300000,1935000
6963500000,1935000
6963500000,1937000
6970700000,1937000
6970700000,1939000
6977900000,1939000
6977900000,1941000
6985100000,1941000
6985100000,1943000
6992300000,1943000
6992300000,1945000
6999500000,1945000
6999500000,1947000
7006700000,1947000
7006700000,1949000
7013900000,1949000
7013900000,1951000
7021100000,1951000
7021100000,1953000
7028300000,1953000
7028300000,1955000
7035500000,1955000
7035500000,1957000
7042700000,1957000
7042700000,1959000
7049900000,1959000
7049900000,1961000
7057100000,1961000
7057100000,1963000
7064300000,1963000
7064300000,1965000
7071500000,1965000
7071500000,1967000
7078700000,1967000
7078700000,1969000
7085900000,1969000
7085900000,1971000
7093100000,1971000
7093100000,1973000
7100300000,1973000
7100300000,1975000
7107500000,1975000
7107500000,1977000
7114700000,1977000
7114700000,1979000
7121900000,1979000
7121900000,1981000
7129100000,1981000
7129100000,1983000
7136300000,1983000
7136300000,1985000
7143500000,1985000
7143500000,1987000
7150700000,1987000
7150700000,1989000
7157900000,1989000
7157900000,1991000
7165100000,1991000
7165100000,1993000
7172300000,1993000
7172300000,1995000
7179500000,1995000
7179500000,1997000
7186700000,1997000
7186700000,1999000
7193900000,1999000
7193900000,2001000
7201100000,2001000
7201100000,2003000
7208300000,2003000
7208300000,0
21608600000,0
21608600000,700000
28808700000,700000
28808700000,700001
